/*
 Navicat Premium Data Transfer

 Source Server         : _Localhost
 Source Server Type    : MySQL
 Source Server Version : 100416
 Source Host           : localhost:3306
 Source Schema         : laravel_voyager

 Target Server Type    : MySQL
 Target Server Version : 100416
 File Encoding         : 65001

 Date: 21/04/2021 17:17:21
*/

SET NAMES utf8mb4;
SET FOREIGN_KEY_CHECKS = 0;

-- ----------------------------
-- Table structure for data_rows
-- ----------------------------
DROP TABLE IF EXISTS `data_rows`;
CREATE TABLE `data_rows`  (
  `id` int UNSIGNED NOT NULL AUTO_INCREMENT,
  `data_type_id` int UNSIGNED NOT NULL,
  `field` varchar(255) CHARACTER SET utf8mb4 COLLATE utf8mb4_unicode_ci NOT NULL,
  `type` varchar(255) CHARACTER SET utf8mb4 COLLATE utf8mb4_unicode_ci NOT NULL,
  `display_name` varchar(255) CHARACTER SET utf8mb4 COLLATE utf8mb4_unicode_ci NOT NULL,
  `required` tinyint(1) NOT NULL DEFAULT 0,
  `browse` tinyint(1) NOT NULL DEFAULT 1,
  `read` tinyint(1) NOT NULL DEFAULT 1,
  `edit` tinyint(1) NOT NULL DEFAULT 1,
  `add` tinyint(1) NOT NULL DEFAULT 1,
  `delete` tinyint(1) NOT NULL DEFAULT 1,
  `details` text CHARACTER SET utf8mb4 COLLATE utf8mb4_unicode_ci NULL,
  `order` int NOT NULL DEFAULT 1,
  PRIMARY KEY (`id`) USING BTREE,
  INDEX `data_rows_data_type_id_foreign`(`data_type_id`) USING BTREE,
  CONSTRAINT `data_rows_data_type_id_foreign` FOREIGN KEY (`data_type_id`) REFERENCES `data_types` (`id`) ON DELETE CASCADE ON UPDATE CASCADE
) ENGINE = InnoDB AUTO_INCREMENT = 22 CHARACTER SET = utf8mb4 COLLATE = utf8mb4_unicode_ci ROW_FORMAT = Dynamic;

-- ----------------------------
-- Records of data_rows
-- ----------------------------
INSERT INTO `data_rows` VALUES (1, 1, 'id', 'number', 'ID', 1, 0, 0, 0, 0, 0, NULL, 1);
INSERT INTO `data_rows` VALUES (2, 1, 'name', 'text', 'Name', 1, 1, 1, 1, 1, 1, NULL, 2);
INSERT INTO `data_rows` VALUES (3, 1, 'email', 'text', 'Email', 1, 1, 1, 1, 1, 1, NULL, 3);
INSERT INTO `data_rows` VALUES (4, 1, 'password', 'password', 'Password', 1, 0, 0, 1, 1, 0, NULL, 4);
INSERT INTO `data_rows` VALUES (5, 1, 'remember_token', 'text', 'Remember Token', 0, 0, 0, 0, 0, 0, NULL, 5);
INSERT INTO `data_rows` VALUES (6, 1, 'created_at', 'timestamp', 'Created At', 0, 1, 1, 0, 0, 0, NULL, 6);
INSERT INTO `data_rows` VALUES (7, 1, 'updated_at', 'timestamp', 'Updated At', 0, 0, 0, 0, 0, 0, NULL, 7);
INSERT INTO `data_rows` VALUES (8, 1, 'avatar', 'image', 'Avatar', 0, 1, 1, 1, 1, 1, NULL, 8);
INSERT INTO `data_rows` VALUES (9, 1, 'user_belongsto_role_relationship', 'relationship', 'Role', 0, 1, 1, 1, 1, 0, '{\"model\":\"TCG\\\\Voyager\\\\Models\\\\Role\",\"table\":\"roles\",\"type\":\"belongsTo\",\"column\":\"role_id\",\"key\":\"id\",\"label\":\"display_name\",\"pivot_table\":\"roles\",\"pivot\":0}', 10);
INSERT INTO `data_rows` VALUES (10, 1, 'user_belongstomany_role_relationship', 'relationship', 'Roles', 0, 1, 1, 1, 1, 0, '{\"model\":\"TCG\\\\Voyager\\\\Models\\\\Role\",\"table\":\"roles\",\"type\":\"belongsToMany\",\"column\":\"id\",\"key\":\"id\",\"label\":\"display_name\",\"pivot_table\":\"user_roles\",\"pivot\":\"1\",\"taggable\":\"0\"}', 11);
INSERT INTO `data_rows` VALUES (11, 1, 'settings', 'hidden', 'Settings', 0, 0, 0, 0, 0, 0, NULL, 12);
INSERT INTO `data_rows` VALUES (12, 2, 'id', 'number', 'ID', 1, 0, 0, 0, 0, 0, NULL, 1);
INSERT INTO `data_rows` VALUES (13, 2, 'name', 'text', 'Name', 1, 1, 1, 1, 1, 1, NULL, 2);
INSERT INTO `data_rows` VALUES (14, 2, 'created_at', 'timestamp', 'Created At', 0, 0, 0, 0, 0, 0, NULL, 3);
INSERT INTO `data_rows` VALUES (15, 2, 'updated_at', 'timestamp', 'Updated At', 0, 0, 0, 0, 0, 0, NULL, 4);
INSERT INTO `data_rows` VALUES (16, 3, 'id', 'number', 'ID', 1, 0, 0, 0, 0, 0, NULL, 1);
INSERT INTO `data_rows` VALUES (17, 3, 'name', 'text', 'Name', 1, 1, 1, 1, 1, 1, NULL, 2);
INSERT INTO `data_rows` VALUES (18, 3, 'created_at', 'timestamp', 'Created At', 0, 0, 0, 0, 0, 0, NULL, 3);
INSERT INTO `data_rows` VALUES (19, 3, 'updated_at', 'timestamp', 'Updated At', 0, 0, 0, 0, 0, 0, NULL, 4);
INSERT INTO `data_rows` VALUES (20, 3, 'display_name', 'text', 'Display Name', 1, 1, 1, 1, 1, 1, NULL, 5);
INSERT INTO `data_rows` VALUES (21, 1, 'role_id', 'text', 'Role', 1, 1, 1, 1, 1, 1, NULL, 9);

-- ----------------------------
-- Table structure for data_types
-- ----------------------------
DROP TABLE IF EXISTS `data_types`;
CREATE TABLE `data_types`  (
  `id` int UNSIGNED NOT NULL AUTO_INCREMENT,
  `name` varchar(255) CHARACTER SET utf8mb4 COLLATE utf8mb4_unicode_ci NOT NULL,
  `slug` varchar(255) CHARACTER SET utf8mb4 COLLATE utf8mb4_unicode_ci NOT NULL,
  `display_name_singular` varchar(255) CHARACTER SET utf8mb4 COLLATE utf8mb4_unicode_ci NOT NULL,
  `display_name_plural` varchar(255) CHARACTER SET utf8mb4 COLLATE utf8mb4_unicode_ci NOT NULL,
  `icon` varchar(255) CHARACTER SET utf8mb4 COLLATE utf8mb4_unicode_ci NULL DEFAULT NULL,
  `model_name` varchar(255) CHARACTER SET utf8mb4 COLLATE utf8mb4_unicode_ci NULL DEFAULT NULL,
  `policy_name` varchar(255) CHARACTER SET utf8mb4 COLLATE utf8mb4_unicode_ci NULL DEFAULT NULL,
  `controller` varchar(255) CHARACTER SET utf8mb4 COLLATE utf8mb4_unicode_ci NULL DEFAULT NULL,
  `description` varchar(255) CHARACTER SET utf8mb4 COLLATE utf8mb4_unicode_ci NULL DEFAULT NULL,
  `generate_permissions` tinyint(1) NOT NULL DEFAULT 0,
  `server_side` tinyint NOT NULL DEFAULT 0,
  `details` text CHARACTER SET utf8mb4 COLLATE utf8mb4_unicode_ci NULL,
  `created_at` timestamp NULL DEFAULT NULL,
  `updated_at` timestamp NULL DEFAULT NULL,
  PRIMARY KEY (`id`) USING BTREE,
  UNIQUE INDEX `data_types_name_unique`(`name`) USING BTREE,
  UNIQUE INDEX `data_types_slug_unique`(`slug`) USING BTREE
) ENGINE = InnoDB AUTO_INCREMENT = 4 CHARACTER SET = utf8mb4 COLLATE = utf8mb4_unicode_ci ROW_FORMAT = Dynamic;

-- ----------------------------
-- Records of data_types
-- ----------------------------
INSERT INTO `data_types` VALUES (1, 'users', 'users', 'User', 'Users', 'voyager-person', 'TCG\\Voyager\\Models\\User', 'TCG\\Voyager\\Policies\\UserPolicy', 'TCG\\Voyager\\Http\\Controllers\\VoyagerUserController', '', 1, 0, NULL, '2021-04-21 10:15:34', '2021-04-21 10:15:34');
INSERT INTO `data_types` VALUES (2, 'menus', 'menus', 'Menu', 'Menus', 'voyager-list', 'TCG\\Voyager\\Models\\Menu', NULL, '', '', 1, 0, NULL, '2021-04-21 10:15:34', '2021-04-21 10:15:34');
INSERT INTO `data_types` VALUES (3, 'roles', 'roles', 'Role', 'Roles', 'voyager-lock', 'TCG\\Voyager\\Models\\Role', NULL, 'TCG\\Voyager\\Http\\Controllers\\VoyagerRoleController', '', 1, 0, NULL, '2021-04-21 10:15:34', '2021-04-21 10:15:34');

-- ----------------------------
-- Table structure for failed_jobs
-- ----------------------------
DROP TABLE IF EXISTS `failed_jobs`;
CREATE TABLE `failed_jobs`  (
  `id` bigint UNSIGNED NOT NULL AUTO_INCREMENT,
  `connection` text CHARACTER SET utf8mb4 COLLATE utf8mb4_unicode_ci NOT NULL,
  `queue` text CHARACTER SET utf8mb4 COLLATE utf8mb4_unicode_ci NOT NULL,
  `payload` longtext CHARACTER SET utf8mb4 COLLATE utf8mb4_unicode_ci NOT NULL,
  `exception` longtext CHARACTER SET utf8mb4 COLLATE utf8mb4_unicode_ci NOT NULL,
  `failed_at` timestamp NOT NULL DEFAULT current_timestamp,
  PRIMARY KEY (`id`) USING BTREE
) ENGINE = InnoDB AUTO_INCREMENT = 1 CHARACTER SET = utf8mb4 COLLATE = utf8mb4_unicode_ci ROW_FORMAT = Dynamic;

-- ----------------------------
-- Records of failed_jobs
-- ----------------------------

-- ----------------------------
-- Table structure for menu_items
-- ----------------------------
DROP TABLE IF EXISTS `menu_items`;
CREATE TABLE `menu_items`  (
  `id` int UNSIGNED NOT NULL AUTO_INCREMENT,
  `menu_id` int UNSIGNED NULL DEFAULT NULL,
  `title` varchar(255) CHARACTER SET utf8mb4 COLLATE utf8mb4_unicode_ci NOT NULL,
  `url` varchar(255) CHARACTER SET utf8mb4 COLLATE utf8mb4_unicode_ci NOT NULL,
  `target` varchar(255) CHARACTER SET utf8mb4 COLLATE utf8mb4_unicode_ci NOT NULL DEFAULT '_self',
  `icon_class` varchar(255) CHARACTER SET utf8mb4 COLLATE utf8mb4_unicode_ci NULL DEFAULT NULL,
  `color` varchar(255) CHARACTER SET utf8mb4 COLLATE utf8mb4_unicode_ci NULL DEFAULT NULL,
  `parent_id` int NULL DEFAULT NULL,
  `order` int NOT NULL,
  `created_at` timestamp NULL DEFAULT NULL,
  `updated_at` timestamp NULL DEFAULT NULL,
  `route` varchar(255) CHARACTER SET utf8mb4 COLLATE utf8mb4_unicode_ci NULL DEFAULT NULL,
  `parameters` text CHARACTER SET utf8mb4 COLLATE utf8mb4_unicode_ci NULL,
  PRIMARY KEY (`id`) USING BTREE,
  INDEX `menu_items_menu_id_foreign`(`menu_id`) USING BTREE,
  CONSTRAINT `menu_items_menu_id_foreign` FOREIGN KEY (`menu_id`) REFERENCES `menus` (`id`) ON DELETE CASCADE ON UPDATE RESTRICT
) ENGINE = InnoDB AUTO_INCREMENT = 12 CHARACTER SET = utf8mb4 COLLATE = utf8mb4_unicode_ci ROW_FORMAT = Dynamic;

-- ----------------------------
-- Records of menu_items
-- ----------------------------
INSERT INTO `menu_items` VALUES (1, 1, 'Dashboard', '', '_self', 'voyager-boat', NULL, NULL, 1, '2021-04-21 10:15:34', '2021-04-21 10:15:34', 'voyager.dashboard', NULL);
INSERT INTO `menu_items` VALUES (2, 1, 'Media', '', '_self', 'voyager-images', NULL, NULL, 5, '2021-04-21 10:15:34', '2021-04-21 10:15:34', 'voyager.media.index', NULL);
INSERT INTO `menu_items` VALUES (3, 1, 'Users', '', '_self', 'voyager-person', NULL, NULL, 3, '2021-04-21 10:15:34', '2021-04-21 10:15:34', 'voyager.users.index', NULL);
INSERT INTO `menu_items` VALUES (4, 1, 'Roles', '', '_self', 'voyager-lock', NULL, NULL, 2, '2021-04-21 10:15:34', '2021-04-21 10:15:34', 'voyager.roles.index', NULL);
INSERT INTO `menu_items` VALUES (5, 1, 'Tools', '', '_self', 'voyager-tools', NULL, NULL, 9, '2021-04-21 10:15:34', '2021-04-21 10:15:34', NULL, NULL);
INSERT INTO `menu_items` VALUES (6, 1, 'Menu Builder', '', '_self', 'voyager-list', NULL, 5, 10, '2021-04-21 10:15:34', '2021-04-21 10:15:34', 'voyager.menus.index', NULL);
INSERT INTO `menu_items` VALUES (7, 1, 'Database', '', '_self', 'voyager-data', NULL, 5, 11, '2021-04-21 10:15:34', '2021-04-21 10:15:34', 'voyager.database.index', NULL);
INSERT INTO `menu_items` VALUES (8, 1, 'Compass', '', '_self', 'voyager-compass', NULL, 5, 12, '2021-04-21 10:15:34', '2021-04-21 10:15:34', 'voyager.compass.index', NULL);
INSERT INTO `menu_items` VALUES (9, 1, 'BREAD', '', '_self', 'voyager-bread', NULL, 5, 13, '2021-04-21 10:15:34', '2021-04-21 10:15:34', 'voyager.bread.index', NULL);
INSERT INTO `menu_items` VALUES (10, 1, 'Settings', '', '_self', 'voyager-settings', NULL, NULL, 14, '2021-04-21 10:15:34', '2021-04-21 10:15:34', 'voyager.settings.index', NULL);
INSERT INTO `menu_items` VALUES (11, 1, 'Hooks', '', '_self', 'voyager-hook', NULL, 5, 13, '2021-04-21 10:15:34', '2021-04-21 10:15:34', 'voyager.hooks', NULL);

-- ----------------------------
-- Table structure for menus
-- ----------------------------
DROP TABLE IF EXISTS `menus`;
CREATE TABLE `menus`  (
  `id` int UNSIGNED NOT NULL AUTO_INCREMENT,
  `name` varchar(255) CHARACTER SET utf8mb4 COLLATE utf8mb4_unicode_ci NOT NULL,
  `created_at` timestamp NULL DEFAULT NULL,
  `updated_at` timestamp NULL DEFAULT NULL,
  PRIMARY KEY (`id`) USING BTREE,
  UNIQUE INDEX `menus_name_unique`(`name`) USING BTREE
) ENGINE = InnoDB AUTO_INCREMENT = 2 CHARACTER SET = utf8mb4 COLLATE = utf8mb4_unicode_ci ROW_FORMAT = Dynamic;

-- ----------------------------
-- Records of menus
-- ----------------------------
INSERT INTO `menus` VALUES (1, 'admin', '2021-04-21 10:15:34', '2021-04-21 10:15:34');

-- ----------------------------
-- Table structure for migrations
-- ----------------------------
DROP TABLE IF EXISTS `migrations`;
CREATE TABLE `migrations`  (
  `id` int UNSIGNED NOT NULL AUTO_INCREMENT,
  `migration` varchar(255) CHARACTER SET utf8mb4 COLLATE utf8mb4_unicode_ci NOT NULL,
  `batch` int NOT NULL,
  PRIMARY KEY (`id`) USING BTREE
) ENGINE = InnoDB AUTO_INCREMENT = 23 CHARACTER SET = utf8mb4 COLLATE = utf8mb4_unicode_ci ROW_FORMAT = Dynamic;

-- ----------------------------
-- Records of migrations
-- ----------------------------
INSERT INTO `migrations` VALUES (1, '2014_10_12_000000_create_users_table', 1);
INSERT INTO `migrations` VALUES (2, '2016_01_01_000000_add_voyager_user_fields', 1);
INSERT INTO `migrations` VALUES (3, '2016_01_01_000000_create_data_types_table', 1);
INSERT INTO `migrations` VALUES (4, '2016_05_19_173453_create_menu_table', 1);
INSERT INTO `migrations` VALUES (5, '2016_10_21_190000_create_roles_table', 1);
INSERT INTO `migrations` VALUES (6, '2016_10_21_190000_create_settings_table', 1);
INSERT INTO `migrations` VALUES (7, '2016_11_30_135954_create_permission_table', 1);
INSERT INTO `migrations` VALUES (8, '2016_11_30_141208_create_permission_role_table', 1);
INSERT INTO `migrations` VALUES (9, '2016_12_26_201236_data_types__add__server_side', 1);
INSERT INTO `migrations` VALUES (10, '2017_01_13_000000_add_route_to_menu_items_table', 1);
INSERT INTO `migrations` VALUES (11, '2017_01_14_005015_create_translations_table', 1);
INSERT INTO `migrations` VALUES (12, '2017_01_15_000000_make_table_name_nullable_in_permissions_table', 1);
INSERT INTO `migrations` VALUES (13, '2017_03_06_000000_add_controller_to_data_types_table', 1);
INSERT INTO `migrations` VALUES (14, '2017_04_21_000000_add_order_to_data_rows_table', 1);
INSERT INTO `migrations` VALUES (15, '2017_07_05_210000_add_policyname_to_data_types_table', 1);
INSERT INTO `migrations` VALUES (16, '2017_08_05_000000_add_group_to_settings_table', 1);
INSERT INTO `migrations` VALUES (17, '2017_11_26_013050_add_user_role_relationship', 1);
INSERT INTO `migrations` VALUES (18, '2017_11_26_015000_create_user_roles_table', 1);
INSERT INTO `migrations` VALUES (19, '2018_03_11_000000_add_user_settings', 1);
INSERT INTO `migrations` VALUES (20, '2018_03_14_000000_add_details_to_data_types_table', 1);
INSERT INTO `migrations` VALUES (21, '2018_03_16_000000_make_settings_value_nullable', 1);
INSERT INTO `migrations` VALUES (22, '2019_08_19_000000_create_failed_jobs_table', 1);

-- ----------------------------
-- Table structure for permission_role
-- ----------------------------
DROP TABLE IF EXISTS `permission_role`;
CREATE TABLE `permission_role`  (
  `permission_id` bigint UNSIGNED NOT NULL,
  `role_id` bigint UNSIGNED NOT NULL,
  PRIMARY KEY (`permission_id`, `role_id`) USING BTREE,
  INDEX `permission_role_permission_id_index`(`permission_id`) USING BTREE,
  INDEX `permission_role_role_id_index`(`role_id`) USING BTREE,
  CONSTRAINT `permission_role_permission_id_foreign` FOREIGN KEY (`permission_id`) REFERENCES `permissions` (`id`) ON DELETE CASCADE ON UPDATE RESTRICT,
  CONSTRAINT `permission_role_role_id_foreign` FOREIGN KEY (`role_id`) REFERENCES `roles` (`id`) ON DELETE CASCADE ON UPDATE RESTRICT
) ENGINE = InnoDB CHARACTER SET = utf8mb4 COLLATE = utf8mb4_unicode_ci ROW_FORMAT = Dynamic;

-- ----------------------------
-- Records of permission_role
-- ----------------------------
INSERT INTO `permission_role` VALUES (1, 1);
INSERT INTO `permission_role` VALUES (2, 1);
INSERT INTO `permission_role` VALUES (3, 1);
INSERT INTO `permission_role` VALUES (4, 1);
INSERT INTO `permission_role` VALUES (5, 1);
INSERT INTO `permission_role` VALUES (6, 1);
INSERT INTO `permission_role` VALUES (7, 1);
INSERT INTO `permission_role` VALUES (8, 1);
INSERT INTO `permission_role` VALUES (9, 1);
INSERT INTO `permission_role` VALUES (10, 1);
INSERT INTO `permission_role` VALUES (11, 1);
INSERT INTO `permission_role` VALUES (12, 1);
INSERT INTO `permission_role` VALUES (13, 1);
INSERT INTO `permission_role` VALUES (14, 1);
INSERT INTO `permission_role` VALUES (15, 1);
INSERT INTO `permission_role` VALUES (16, 1);
INSERT INTO `permission_role` VALUES (17, 1);
INSERT INTO `permission_role` VALUES (18, 1);
INSERT INTO `permission_role` VALUES (19, 1);
INSERT INTO `permission_role` VALUES (20, 1);
INSERT INTO `permission_role` VALUES (21, 1);
INSERT INTO `permission_role` VALUES (22, 1);
INSERT INTO `permission_role` VALUES (23, 1);
INSERT INTO `permission_role` VALUES (24, 1);
INSERT INTO `permission_role` VALUES (25, 1);
INSERT INTO `permission_role` VALUES (26, 1);

-- ----------------------------
-- Table structure for permissions
-- ----------------------------
DROP TABLE IF EXISTS `permissions`;
CREATE TABLE `permissions`  (
  `id` bigint UNSIGNED NOT NULL AUTO_INCREMENT,
  `key` varchar(255) CHARACTER SET utf8mb4 COLLATE utf8mb4_unicode_ci NOT NULL,
  `table_name` varchar(255) CHARACTER SET utf8mb4 COLLATE utf8mb4_unicode_ci NULL DEFAULT NULL,
  `created_at` timestamp NULL DEFAULT NULL,
  `updated_at` timestamp NULL DEFAULT NULL,
  PRIMARY KEY (`id`) USING BTREE,
  INDEX `permissions_key_index`(`key`) USING BTREE
) ENGINE = InnoDB AUTO_INCREMENT = 27 CHARACTER SET = utf8mb4 COLLATE = utf8mb4_unicode_ci ROW_FORMAT = Dynamic;

-- ----------------------------
-- Records of permissions
-- ----------------------------
INSERT INTO `permissions` VALUES (1, 'browse_admin', NULL, '2021-04-21 10:15:34', '2021-04-21 10:15:34');
INSERT INTO `permissions` VALUES (2, 'browse_bread', NULL, '2021-04-21 10:15:34', '2021-04-21 10:15:34');
INSERT INTO `permissions` VALUES (3, 'browse_database', NULL, '2021-04-21 10:15:34', '2021-04-21 10:15:34');
INSERT INTO `permissions` VALUES (4, 'browse_media', NULL, '2021-04-21 10:15:34', '2021-04-21 10:15:34');
INSERT INTO `permissions` VALUES (5, 'browse_compass', NULL, '2021-04-21 10:15:34', '2021-04-21 10:15:34');
INSERT INTO `permissions` VALUES (6, 'browse_menus', 'menus', '2021-04-21 10:15:34', '2021-04-21 10:15:34');
INSERT INTO `permissions` VALUES (7, 'read_menus', 'menus', '2021-04-21 10:15:34', '2021-04-21 10:15:34');
INSERT INTO `permissions` VALUES (8, 'edit_menus', 'menus', '2021-04-21 10:15:34', '2021-04-21 10:15:34');
INSERT INTO `permissions` VALUES (9, 'add_menus', 'menus', '2021-04-21 10:15:34', '2021-04-21 10:15:34');
INSERT INTO `permissions` VALUES (10, 'delete_menus', 'menus', '2021-04-21 10:15:34', '2021-04-21 10:15:34');
INSERT INTO `permissions` VALUES (11, 'browse_roles', 'roles', '2021-04-21 10:15:34', '2021-04-21 10:15:34');
INSERT INTO `permissions` VALUES (12, 'read_roles', 'roles', '2021-04-21 10:15:34', '2021-04-21 10:15:34');
INSERT INTO `permissions` VALUES (13, 'edit_roles', 'roles', '2021-04-21 10:15:34', '2021-04-21 10:15:34');
INSERT INTO `permissions` VALUES (14, 'add_roles', 'roles', '2021-04-21 10:15:34', '2021-04-21 10:15:34');
INSERT INTO `permissions` VALUES (15, 'delete_roles', 'roles', '2021-04-21 10:15:34', '2021-04-21 10:15:34');
INSERT INTO `permissions` VALUES (16, 'browse_users', 'users', '2021-04-21 10:15:34', '2021-04-21 10:15:34');
INSERT INTO `permissions` VALUES (17, 'read_users', 'users', '2021-04-21 10:15:34', '2021-04-21 10:15:34');
INSERT INTO `permissions` VALUES (18, 'edit_users', 'users', '2021-04-21 10:15:34', '2021-04-21 10:15:34');
INSERT INTO `permissions` VALUES (19, 'add_users', 'users', '2021-04-21 10:15:34', '2021-04-21 10:15:34');
INSERT INTO `permissions` VALUES (20, 'delete_users', 'users', '2021-04-21 10:15:34', '2021-04-21 10:15:34');
INSERT INTO `permissions` VALUES (21, 'browse_settings', 'settings', '2021-04-21 10:15:34', '2021-04-21 10:15:34');
INSERT INTO `permissions` VALUES (22, 'read_settings', 'settings', '2021-04-21 10:15:34', '2021-04-21 10:15:34');
INSERT INTO `permissions` VALUES (23, 'edit_settings', 'settings', '2021-04-21 10:15:34', '2021-04-21 10:15:34');
INSERT INTO `permissions` VALUES (24, 'add_settings', 'settings', '2021-04-21 10:15:34', '2021-04-21 10:15:34');
INSERT INTO `permissions` VALUES (25, 'delete_settings', 'settings', '2021-04-21 10:15:34', '2021-04-21 10:15:34');
INSERT INTO `permissions` VALUES (26, 'browse_hooks', NULL, '2021-04-21 10:15:34', '2021-04-21 10:15:34');

-- ----------------------------
-- Table structure for roles
-- ----------------------------
DROP TABLE IF EXISTS `roles`;
CREATE TABLE `roles`  (
  `id` bigint UNSIGNED NOT NULL AUTO_INCREMENT,
  `name` varchar(255) CHARACTER SET utf8mb4 COLLATE utf8mb4_unicode_ci NOT NULL,
  `display_name` varchar(255) CHARACTER SET utf8mb4 COLLATE utf8mb4_unicode_ci NOT NULL,
  `created_at` timestamp NULL DEFAULT NULL,
  `updated_at` timestamp NULL DEFAULT NULL,
  PRIMARY KEY (`id`) USING BTREE,
  UNIQUE INDEX `roles_name_unique`(`name`) USING BTREE
) ENGINE = InnoDB AUTO_INCREMENT = 3 CHARACTER SET = utf8mb4 COLLATE = utf8mb4_unicode_ci ROW_FORMAT = Dynamic;

-- ----------------------------
-- Records of roles
-- ----------------------------
INSERT INTO `roles` VALUES (1, 'admin', 'Administrator', '2021-04-21 10:15:34', '2021-04-21 10:15:34');
INSERT INTO `roles` VALUES (2, 'user', 'Normal User', '2021-04-21 10:15:34', '2021-04-21 10:15:34');

-- ----------------------------
-- Table structure for settings
-- ----------------------------
DROP TABLE IF EXISTS `settings`;
CREATE TABLE `settings`  (
  `id` int UNSIGNED NOT NULL AUTO_INCREMENT,
  `key` varchar(255) CHARACTER SET utf8mb4 COLLATE utf8mb4_unicode_ci NOT NULL,
  `display_name` varchar(255) CHARACTER SET utf8mb4 COLLATE utf8mb4_unicode_ci NOT NULL,
  `value` text CHARACTER SET utf8mb4 COLLATE utf8mb4_unicode_ci NULL,
  `details` text CHARACTER SET utf8mb4 COLLATE utf8mb4_unicode_ci NULL,
  `type` varchar(255) CHARACTER SET utf8mb4 COLLATE utf8mb4_unicode_ci NOT NULL,
  `order` int NOT NULL DEFAULT 1,
  `group` varchar(255) CHARACTER SET utf8mb4 COLLATE utf8mb4_unicode_ci NULL DEFAULT NULL,
  PRIMARY KEY (`id`) USING BTREE,
  UNIQUE INDEX `settings_key_unique`(`key`) USING BTREE
) ENGINE = InnoDB AUTO_INCREMENT = 11 CHARACTER SET = utf8mb4 COLLATE = utf8mb4_unicode_ci ROW_FORMAT = Dynamic;

-- ----------------------------
-- Records of settings
-- ----------------------------
INSERT INTO `settings` VALUES (1, 'site.title', 'Site Title', 'Site Title', '', 'text', 1, 'Site');
INSERT INTO `settings` VALUES (2, 'site.description', 'Site Description', 'Site Description', '', 'text', 2, 'Site');
INSERT INTO `settings` VALUES (3, 'site.logo', 'Site Logo', '', '', 'image', 3, 'Site');
INSERT INTO `settings` VALUES (4, 'site.google_analytics_tracking_id', 'Google Analytics Tracking ID', '', '', 'text', 4, 'Site');
INSERT INTO `settings` VALUES (5, 'admin.bg_image', 'Admin Background Image', '', '', 'image', 5, 'Admin');
INSERT INTO `settings` VALUES (6, 'admin.title', 'Admin Title', 'Voyager', '', 'text', 1, 'Admin');
INSERT INTO `settings` VALUES (7, 'admin.description', 'Admin Description', 'Welcome to Voyager. The Missing Admin for Laravel', '', 'text', 2, 'Admin');
INSERT INTO `settings` VALUES (8, 'admin.loader', 'Admin Loader', '', '', 'image', 3, 'Admin');
INSERT INTO `settings` VALUES (9, 'admin.icon_image', 'Admin Icon Image', '', '', 'image', 4, 'Admin');
INSERT INTO `settings` VALUES (10, 'admin.google_analytics_client_id', 'Google Analytics Client ID (used for admin dashboard)', '', '', 'text', 1, 'Admin');

-- ----------------------------
-- Table structure for translations
-- ----------------------------
DROP TABLE IF EXISTS `translations`;
CREATE TABLE `translations`  (
  `id` int UNSIGNED NOT NULL AUTO_INCREMENT,
  `table_name` varchar(255) CHARACTER SET utf8mb4 COLLATE utf8mb4_unicode_ci NOT NULL,
  `column_name` varchar(255) CHARACTER SET utf8mb4 COLLATE utf8mb4_unicode_ci NOT NULL,
  `foreign_key` int UNSIGNED NOT NULL,
  `locale` varchar(255) CHARACTER SET utf8mb4 COLLATE utf8mb4_unicode_ci NOT NULL,
  `value` text CHARACTER SET utf8mb4 COLLATE utf8mb4_unicode_ci NOT NULL,
  `created_at` timestamp NULL DEFAULT NULL,
  `updated_at` timestamp NULL DEFAULT NULL,
  PRIMARY KEY (`id`) USING BTREE,
  UNIQUE INDEX `translations_table_name_column_name_foreign_key_locale_unique`(`table_name`, `column_name`, `foreign_key`, `locale`) USING BTREE
) ENGINE = InnoDB AUTO_INCREMENT = 1 CHARACTER SET = utf8mb4 COLLATE = utf8mb4_unicode_ci ROW_FORMAT = Dynamic;

-- ----------------------------
-- Records of translations
-- ----------------------------

-- ----------------------------
-- Table structure for user_roles
-- ----------------------------
DROP TABLE IF EXISTS `user_roles`;
CREATE TABLE `user_roles`  (
  `user_id` bigint UNSIGNED NOT NULL,
  `role_id` bigint UNSIGNED NOT NULL,
  PRIMARY KEY (`user_id`, `role_id`) USING BTREE,
  INDEX `user_roles_user_id_index`(`user_id`) USING BTREE,
  INDEX `user_roles_role_id_index`(`role_id`) USING BTREE,
  CONSTRAINT `user_roles_role_id_foreign` FOREIGN KEY (`role_id`) REFERENCES `roles` (`id`) ON DELETE CASCADE ON UPDATE RESTRICT,
  CONSTRAINT `user_roles_user_id_foreign` FOREIGN KEY (`user_id`) REFERENCES `users` (`id`) ON DELETE CASCADE ON UPDATE RESTRICT
) ENGINE = InnoDB CHARACTER SET = utf8mb4 COLLATE = utf8mb4_unicode_ci ROW_FORMAT = Dynamic;

-- ----------------------------
-- Records of user_roles
-- ----------------------------

-- ----------------------------
-- Table structure for users
-- ----------------------------
DROP TABLE IF EXISTS `users`;
CREATE TABLE `users`  (
  `id` bigint UNSIGNED NOT NULL AUTO_INCREMENT,
  `role_id` bigint UNSIGNED NULL DEFAULT NULL,
  `name` varchar(255) CHARACTER SET utf8mb4 COLLATE utf8mb4_unicode_ci NOT NULL,
  `email` varchar(255) CHARACTER SET utf8mb4 COLLATE utf8mb4_unicode_ci NOT NULL,
  `avatar` varchar(255) CHARACTER SET utf8mb4 COLLATE utf8mb4_unicode_ci NULL DEFAULT 'users/default.png',
  `email_verified_at` timestamp NULL DEFAULT NULL,
  `password` varchar(255) CHARACTER SET utf8mb4 COLLATE utf8mb4_unicode_ci NOT NULL,
  `remember_token` varchar(100) CHARACTER SET utf8mb4 COLLATE utf8mb4_unicode_ci NULL DEFAULT NULL,
  `settings` text CHARACTER SET utf8mb4 COLLATE utf8mb4_unicode_ci NULL,
  `created_at` timestamp NULL DEFAULT NULL,
  `updated_at` timestamp NULL DEFAULT NULL,
  PRIMARY KEY (`id`) USING BTREE,
  UNIQUE INDEX `users_email_unique`(`email`) USING BTREE,
  INDEX `users_role_id_foreign`(`role_id`) USING BTREE,
  CONSTRAINT `users_role_id_foreign` FOREIGN KEY (`role_id`) REFERENCES `roles` (`id`) ON DELETE RESTRICT ON UPDATE RESTRICT
) ENGINE = InnoDB AUTO_INCREMENT = 2 CHARACTER SET = utf8mb4 COLLATE = utf8mb4_unicode_ci ROW_FORMAT = Dynamic;

-- ----------------------------
-- Records of users
-- ----------------------------
INSERT INTO `users` VALUES (1, 1, 'Admin', 'admin@admin.com', 'users/default.png', NULL, '$2y$10$hNBKbJPuLX3nJ07A1spq6ud6ctARKz0mmLY7AL9KMaCvpCiEE.Vuu', NULL, NULL, '2021-04-21 10:16:17', '2021-04-21 10:16:17');

SET FOREIGN_KEY_CHECKS = 1;
